,loss,c1,c2,E1,E2,eta
0,0.012055241103571921,10.09999942779541,10.099997520446777,0.9000001549720764,-0.9000002145767212,0.800000011920929
1,0.011090092154681689,10.146930694580078,10.179096221923828,0.7998827695846558,-0.8000551462173462,0.800000011920929
2,0.009945170302187514,10.167609214782715,10.24478530883789,0.7018044590950012,-0.7001584768295288,0.800000011920929
3,0.008489373121652159,10.171175003051758,10.300103187561035,0.6029131412506104,-0.6068456172943115,0.800000011920929
4,0.007718850187858089,10.162301063537598,10.346061706542969,0.5078125,-0.5253801345825195,0.8039951324462891
5,0.007075648206171596,10.134876251220703,10.372817993164062,0.4232150614261627,-0.4499330520629883,0.8284008502960205
6,0.0062649449075652,10.089285850524902,10.382561683654785,0.3552135229110718,-0.3807660639286041,0.8736782670021057
7,0.004284619207624891,10.047767639160156,10.38517951965332,0.2818925380706787,-0.3126015365123749,0.9156402945518494
8,0.0031873492609783556,9.998970031738281,10.375018119812012,0.21136802434921265,-0.2530713379383087,0.9624941349029541
9,0.002137278672377203,9.944134712219238,10.352666854858398,0.1596546471118927,-0.21787771582603455,1.0
10,0.0020610339748571797,9.879446029663086,10.317601203918457,0.15215300023555756,-0.22701288759708405,1.0
11,0.00204076299999486,9.806357383728027,10.27225112915039,0.17156173288822174,-0.26007115840911865,1.0
12,0.0015654373743186748,9.726162910461426,10.218181610107422,0.20297175645828247,-0.29770416021347046,1.0
13,0.00134354894714891,9.64089298248291,10.158194541931152,0.23551642894744873,-0.32456544041633606,1.0
14,0.0013403265287595966,9.551779747009277,10.093842506408691,0.26406991481781006,-0.33558955788612366,1.0
15,0.0013850978698281436,9.460233688354492,10.027118682861328,0.28353461623191833,-0.3276260793209076,1.0
16,0.0013558662088633783,9.36774730682373,9.959802627563477,0.2930050194263458,-0.30500808358192444,1.0
17,0.0012082549545392753,9.27214241027832,9.88759994506836,0.2930782437324524,-0.26629510521888733,1.0
18,0.0008559467206602379,9.174818992614746,9.81035041809082,0.286455363035202,-0.218215674161911,1.0
19,0.000581659494741596,9.078019142150879,9.730952262878418,0.278866708278656,-0.17130047082901,1.0
20,0.0005934559852651892,8.985278129577637,9.652850151062012,0.27787572145462036,-0.14027941226959229,1.0
21,0.000696787348800679,8.892266273498535,9.57580280303955,0.2882702946662903,-0.13032127916812897,1.0
22,0.0006543576742907844,8.799909591674805,9.5001859664917,0.30783990025520325,-0.1384437382221222,1.0
23,0.00046961237246495656,8.708455085754395,9.426050186157227,0.32986199855804443,-0.15588265657424927,1.0
24,0.00037396267119652916,8.61871337890625,9.354007720947266,0.34672945737838745,-0.17339268326759338,1.0
25,0.00037909640587629665,8.530594825744629,9.284284591674805,0.35579487681388855,-0.18810191750526428,1.0
26,0.0004095926864876642,8.44575023651123,9.217629432678223,0.35468870401382446,-0.19689491391181946,1.0
27,0.0004046950661303379,8.36583423614502,9.155884742736816,0.3434910476207733,-0.19911795854568481,1.0
28,0.00033196831214471055,8.29065990447998,9.097857475280762,0.32434654235839844,-0.19649171829223633,1.0
29,0.00023321132166975907,8.220965385437012,9.043259620666504,0.3010934889316559,-0.19262218475341797,1.0
30,0.00017786683224099378,8.157923698425293,8.993070602416992,0.2774321138858795,-0.19082966446876526,1.0
31,0.00018392272849844136,8.10256290435791,8.948323249816895,0.25809532403945923,-0.195725679397583,1.0
32,0.00022017913459072998,8.053409576416016,8.907328605651855,0.24586068093776703,-0.2090299278497696,1.0
33,0.00021658123643941284,8.01044750213623,8.87031364440918,0.240848109126091,-0.2291143834590912,1.0
34,0.000186534251540195,7.973197937011719,8.837323188781738,0.2399982064962387,-0.25073057413101196,1.0
35,0.0001749487380535725,7.942688465118408,8.810208320617676,0.24162399768829346,-0.27075543999671936,1.0
36,0.00018835479173996776,7.918382167816162,8.788274765014648,0.2439328134059906,-0.2861972153186798,0.9968481063842773
37,0.00019418236590904627,7.8977580070495605,8.76958179473877,0.2443264275789261,-0.2932451665401459,0.9897136688232422
38,0.00018939546614940334,7.875247478485107,8.749222755432129,0.24216651916503906,-0.28994235396385193,0.9831347465515137
39,0.00017972677891506014,7.847001075744629,8.72441291809082,0.2392452508211136,-0.27831465005874634,0.9802990555763245
40,0.00015003534730526438,7.812873840332031,8.694581985473633,0.23746033012866974,-0.26164376735687256,0.9816879034042358
41,0.00010494869413193097,7.7761664390563965,8.66230297088623,0.23865987360477448,-0.2443152666091919,0.9848706722259521
42,9.050550579539006e-05,7.742469787597656,8.631871223449707,0.24298632144927979,-0.22950799763202667,0.9857044219970703
43,9.929970694690707e-05,7.713521480560303,8.605208396911621,0.2509462833404541,-0.21995335817337036,0.9827621579170227
44,8.467479007848851e-05,7.688523292541504,8.581382751464844,0.26189184188842773,-0.21613578498363495,0.976983368396759
45,5.8724811483432224e-05,7.663990497589111,8.55760383605957,0.2731826901435852,-0.21529917418956757,0.9715640544891357
46,6.507361982048871e-05,7.635883331298828,8.531249046325684,0.28420308232307434,-0.21674273908138275,0.9696735143661499
47,7.012060516230331e-05,7.6039605140686035,8.502257347106934,0.2922805845737457,-0.21801872551441193,0.9718180298805237
48,6.541787810843678e-05,7.5720343589782715,8.473067283630371,0.2957127094268799,-0.21854203939437866,0.9749364852905273
49,7.118661417586757e-05,7.543600082397461,8.446742057800293,0.29422712326049805,-0.21834169328212738,0.9760430455207825
50,7.531344882705656e-05,7.520622730255127,8.425117492675781,0.2886101305484772,-0.21820832788944244,0.9732844829559326
51,5.435421014154773e-05,7.500519275665283,8.406046867370605,0.2803943157196045,-0.21885545551776886,0.9688518643379211
52,4.004780879245964e-05,7.480140209197998,8.386637687683105,0.27133479714393616,-0.22097334265708923,0.9654399752616882
53,4.0399576345436116e-05,7.45634126663208,8.364825248718262,0.2629830539226532,-0.22428353130817413,0.9654203653335571
54,3.566155665423583e-05,7.4298415184021,8.341110229492188,0.257073312997818,-0.22994402050971985,0.9681223034858704
55,2.732059765364197e-05,7.404590129852295,8.318206787109375,0.25385889410972595,-0.23832005262374878,0.9700819849967957
56,2.6393035352979516e-05,7.382238864898682,8.297577857971191,0.25250887870788574,-0.2477654218673706,0.9697859883308411
57,2.311369433175102e-05,7.362838268280029,8.2795991897583,0.2522379755973816,-0.25662699341773987,0.9670194983482361
58,2.0411632803094062e-05,7.343410015106201,8.261383056640625,0.2517472505569458,-0.26237452030181885,0.9644413590431213
59,2.7313044668780347e-05,7.321564674377441,8.241216659545898,0.250390887260437,-0.263562947511673,0.9640597105026245
60,2.537675192994622e-05,7.29795503616333,8.219623565673828,0.24835096299648285,-0.26065537333488464,0.9653634428977966
61,1.8189363375687543e-05,7.275472640991211,8.198841094970703,0.24649551510810852,-0.2556280791759491,0.9659852385520935
62,1.7412729964720467e-05,7.256030082702637,8.180764198303223,0.24592989683151245,-0.2506076693534851,0.9642961621284485
63,1.3595417561974788e-05,7.239232540130615,8.164946556091309,0.24725672602653503,-0.2468222677707672,0.9608532786369324
64,1.044930616685788e-05,7.221442699432373,8.148689270019531,0.2504383623600006,-0.24418668448925018,0.958706259727478
65,1.0987538255213282e-05,7.2015204429626465,8.131196975708008,0.25496938824653625,-0.24254058301448822,0.9588925242424011
66,6.20864582073538e-06,7.181063652038574,8.113666534423828,0.2595139145851135,-0.24135705828666687,0.9602192640304565
67,5.52957916654129e-06,7.162752151489258,8.098211288452148,0.2630056142807007,-0.24064545333385468,0.9606006741523743
68,8.319797145049906e-06,7.147119998931885,8.085335731506348,0.2646614611148834,-0.2399643510580063,0.959544837474823
69,8.303283404759402e-06,7.133990287780762,8.074911117553711,0.26430848240852356,-0.23921644687652588,0.9573582410812378
70,6.337266320621049e-06,7.121884822845459,8.065606117248535,0.2622814178466797,-0.23845984041690826,0.9552238583564758
71,6.215556677654357e-06,7.108834266662598,8.055854797363281,0.25944432616233826,-0.23789694905281067,0.9546216726303101
72,5.653944785308526e-06,7.094755172729492,8.045647621154785,0.25682854652404785,-0.23839342594146729,0.9555763006210327
73,4.010487449677401e-06,7.081644535064697,8.036580085754395,0.25495460629463196,-0.2408142238855362,0.9564558863639832
74,3.3428932864580024e-06,7.069843292236328,8.029065132141113,0.25381919741630554,-0.24468721449375153,0.9568155407905579
75,2.533549566238113e-06,7.059432506561279,8.023158073425293,0.2529188096523285,-0.24890479445457458,0.956464946269989
76,2.0943130219853756e-06,7.0502610206604,8.018585205078125,0.2517874240875244,-0.25242531299591064,0.9554876089096069
77,2.0285127157341618e-06,7.041895866394043,8.014796257019043,0.2502232491970062,-0.25454893708229065,0.9542444348335266
78,2.4041196277890363e-06,7.033229827880859,8.010817527770996,0.24842312932014465,-0.2550177574157715,0.9535961151123047
79,2.6287334897761657e-06,7.023799419403076,8.00628662109375,0.24686214327812195,-0.2541669011116028,0.9538716077804565
80,2.1205806649503784e-06,7.01439094543457,8.001908302307129,0.2461196780204773,-0.25283318758010864,0.9544306397438049
81,2.0482506596166067e-06,7.005615234375,7.998262405395508,0.24644377827644348,-0.2516366243362427,0.9546956419944763
82,2.1264811093097064e-06,6.997743129730225,7.995649814605713,0.2477966547012329,-0.25090861320495605,0.95440673828125
83,1.5626071648464826e-06,6.9907331466674805,7.994004726409912,0.24978360533714294,-0.250523179769516,0.9536261558532715
84,8.031333381667612e-07,6.984403133392334,7.993040561676025,0.2518087327480316,-0.25011563301086426,0.9525861144065857
85,6.180534283682466e-07,6.978239059448242,7.992226600646973,0.2533619701862335,-0.2492886632680893,0.9518000483512878
86,9.423942508646565e-07,6.971906661987305,7.991243839263916,0.2541836202144623,-0.24795123934745789,0.9516004323959351
87,9.158859680381244e-07,6.9655070304870605,7.990182876586914,0.25428324937820435,-0.246358260512352,0.951898992061615
88,6.821689085123252e-07,6.959600925445557,7.989532947540283,0.25389331579208374,-0.2451006919145584,0.9521806836128235
89,7.975528632422175e-07,6.954283237457275,7.9894819259643555,0.2533741295337677,-0.24463291466236115,0.9522937536239624
90,9.365226735757929e-07,6.949563503265381,7.990080833435059,0.2530069053173065,-0.24521036446094513,0.9521813988685608
91,7.840053803730611e-07,6.945383548736572,7.991242408752441,0.2527756989002228,-0.24663697183132172,0.9518673419952393
92,4.603910150548178e-07,6.941626071929932,7.992766857147217,0.25244635343551636,-0.24838827550411224,0.9514448642730713
93,2.911680026766174e-07,6.9381303787231445,7.994396209716797,0.2518206536769867,-0.2499542385339737,0.9510567784309387
94,3.644349376024101e-07,6.934501647949219,7.995763778686523,0.25088128447532654,-0.25094515085220337,0.9510178565979004
95,3.52048532239918e-07,6.930722713470459,7.996847629547119,0.2497803270816803,-0.2513318657875061,0.9513012170791626
96,2.4112044227649304e-07,6.9270405769348145,7.997877597808838,0.2487756460905075,-0.2513270676136017,0.9516385197639465
97,2.984355839257004e-07,6.923677921295166,7.999094009399414,0.24815255403518677,-0.251242458820343,0.9517828226089478
98,4.151049033808817e-07,6.920663356781006,8.000563621520996,0.2480834275484085,-0.25126588344573975,0.9516751170158386
99,3.9686380795043414e-07,6.917952537536621,8.00223159790039,0.2485310286283493,-0.251395583152771,0.9513569474220276
100,2.6210580424006595e-07,6.91544771194458,8.003950119018555,0.24927650392055511,-0.25146540999412537,0.9509462714195251
101,1.7857893277197433e-07,6.91295862197876,8.005499839782715,0.25004270672798157,-0.251245379447937,0.9506468176841736
102,1.8716604694887217e-07,6.910356044769287,8.006750106811523,0.25062644481658936,-0.2506355047225952,0.9505977034568787
103,1.4318090622077516e-07,6.907727241516113,8.007779121398926,0.2509428560733795,-0.24972589313983917,0.9507324695587158
104,8.208505598242064e-08,6.905270099639893,8.00879192352295,0.2510543763637543,-0.24879790842533112,0.9508703351020813
105,9.111584580459151e-08,6.903047561645508,8.009906768798828,0.25110602378845215,-0.24813877046108246,0.9509333968162537
106,1.4260783910354006e-07,6.901081085205078,8.011178970336914,0.25121691823005676,-0.2479533851146698,0.950888991355896
107,1.5495269262563978e-07,6.899352550506592,8.012590408325195,0.25137555599212646,-0.24823416769504547,0.9507490396499634
108,1.1649956347633067e-07,6.897814750671387,8.014062881469727,0.2514592111110687,-0.24878913164138794,0.9505619406700134
109,8.908578362625723e-08,6.896398067474365,8.015486717224121,0.2513297498226166,-0.24936605989933014,0.9503947496414185
110,8.550991251407486e-08,6.895035743713379,8.016764640808105,0.2509404122829437,-0.24979455769062042,0.9503067135810852
111,7.245683864990198e-08,6.8936848640441895,8.017848014831543,0.25036758184432983,-0.25003981590270996,0.950322151184082
112,4.810735278753909e-08,6.892337799072266,8.018746376037598,0.24977901577949524,-0.2501833140850067,0.9504216909408569
113,4.335560251232131e-08,6.891018867492676,8.019515991210938,0.24935050308704376,-0.2503397464752197,0.9505519866943359
114,6.083123516219254e-08,6.889768123626709,8.020223617553711,0.24918712675571442,-0.2505747675895691,0.9506518840789795
115,7.359781116533229e-08,6.88862419128418,8.020919799804688,0.24925167858600616,-0.2508188784122467,0.9506694674491882
116,7.219424148206187e-08,6.887597560882568,8.021611213684082,0.24945564568042755,-0.2509792149066925,0.9505960941314697
117,6.46828164142583e-08,6.8866682052612305,8.022265434265137,0.24967819452285767,-0.2509496510028839,0.9504606127738953
118,5.561611492031972e-08,6.885793685913086,8.0228271484375,0.24984391033649445,-0.2506967782974243,0.9503166675567627
119,4.3496592024436336e-08,6.884929180145264,8.0232515335083,0.24995139241218567,-0.250286728143692,0.9502178430557251
120,3.3483593081486584e-08,6.884048938751221,8.023527145385742,0.2500515580177307,-0.2498532086610794,0.9501940011978149
121,3.0592473764437225e-08,6.883157730102539,8.023680686950684,0.2502012252807617,-0.2495369166135788,0.9502414464950562
122,3.03425044831692e-08,6.882290363311768,8.023770332336426,0.25040215253829956,-0.24940402805805206,0.9503231644630432
123,2.9826630025339455e-08,6.881497383117676,8.0238618850708,0.2505902945995331,-0.24942408502101898,0.9503874778747559
124,3.3617737566216196e-08,6.88081693649292,8.02400016784668,0.25068292021751404,-0.24951882660388947,0.9503952264785767
125,3.699994457322841e-08,6.880253314971924,8.024189949035645,0.25063079595565796,-0.24961988627910614,0.9503403902053833
126,3.2812159881865355e-08,6.879777908325195,8.024398803710938,0.2504458427429199,-0.2497033327817917,0.9502483606338501
127,2.5058097308042374e-08,6.879342079162598,8.024574279785156,0.25019532442092896,-0.24979160726070404,0.9501616358757019
128,2.281984824212049e-08,6.878900051116943,8.024669647216797,0.2499665468931198,-0.24992458522319794,0.9501186013221741
129,2.501904151501341e-08,6.878427982330322,8.024664878845215,0.24981936812400818,-0.2501158118247986,0.9501345753669739
130,2.4911764608517766e-08,6.877934455871582,8.024572372436523,0.24975742399692535,-0.2503267228603363,0.9501930475234985
131,2.4428777955880084e-08,6.877450466156006,8.024429321289062,0.24974489212036133,-0.2504904270172119,0.9502570033073425
132,2.7395438993357944e-08,6.877007007598877,8.024274826049805,0.2497418373823166,-0.2505524158477783,0.9502911567687988
133,3.019480864009375e-08,6.876620292663574,8.024131774902344,0.24973176419734955,-0.2504993677139282,0.9502773284912109
134,2.8373543283351602e-08,6.876284122467041,8.024001121520996,0.24972987174987793,-0.2503654956817627,0.9502217769622803
135,2.431268361044056e-08,6.875975131988525,8.023863792419434,0.2497665137052536,-0.2502109110355377,0.9501498937606812
136,2.2060405886924034e-08,6.87566614151001,8.02369499206543,0.24985837936401367,-0.25008562207221985,0.9500927925109863
137,2.124727378570522e-08,6.875341415405273,8.023479461669922,0.24999365210533142,-0.250010222196579,0.9500714540481567
138,2.0117147157829507e-08,6.87500524520874,8.023222923278809,0.2501307427883148,-0.24997016787528992,0.9500858783721924
139,1.9488870352961893e-08,6.8746771812438965,8.022950172424316,0.2502210736274719,-0.24993719160556793,0.9501184821128845
140,2.0085710810497848e-08,6.874380111694336,8.022689819335938,0.2502370774745941,-0.24989700317382812,0.9501464366912842
141,2.0530826009368305e-08,6.874128341674805,8.022465705871582,0.25018563866615295,-0.24986174702644348,0.9501525163650513
142,2.010961060093374e-08,6.8739213943481445,8.022284507751465,0.25010058283805847,-0.24986088275909424,0.9501329660415649
143,1.9361493265887922e-08,6.873744964599609,8.022133827209473,0.25001493096351624,-0.24991090595722198,0.9500980377197266
144,1.889093202695916e-08,6.873579025268555,8.021990776062012,0.24995581805706024,-0.2500166893005371,0.9500654339790344
145,1.8675761446399907e-08,6.873408794403076,8.021836280822754,0.24992120265960693,-0.2501480281352997,0.9500488042831421
146,1.896494925287896e-08,6.873229503631592,8.021660804748535,0.24989627301692963,-0.25026458501815796,0.9500519037246704
147,1.979949945885294e-08,6.873044967651367,8.021467208862305,0.24986188113689423,-0.2503272593021393,0.9500687718391418
148,2.0403937103055824e-08,6.872864723205566,8.021267890930176,0.2498171180486679,-0.2503264248371124,0.9500876069068909
149,2.040535407405102e-08,6.872696876525879,8.021077156066895,0.2497800588607788,-0.2502823770046234,0.950096845626831
150,2.0297568232907437e-08,6.8725457191467285,8.020906448364258,0.24977464973926544,-0.250229150056839,0.950090765953064
151,2.0017457659377877e-08,6.872408390045166,8.020755767822266,0.24980932474136353,-0.2501876652240753,0.9500719308853149
152,1.9316516365285005e-08,6.872279167175293,8.020618438720703,0.24987436830997467,-0.2501615583896637,0.9500482678413391
153,1.859435173281065e-08,6.872152805328369,8.020486831665039,0.24994906783103943,-0.25014403462409973,0.9500291347503662
154,1.8352025127643073e-08,6.8720269203186035,8.020355224609375,0.25000640749931335,-0.25011977553367615,0.9500200152397156
155,1.8424091332806785e-08,6.8719024658203125,8.020224571228027,0.2500290274620056,-0.2500814199447632,0.9500216841697693
156,1.8288734252342345e-08,6.871783256530762,8.020101547241211,0.25001901388168335,-0.2500394582748413,0.9500300288200378
157,1.8076188420974054e-08,6.871673583984375,8.019994735717773,0.24999184906482697,-0.2500140070915222,0.9500389695167542
158,1.8084037844345332e-08,6.87157678604126,8.019909858703613,0.2499632090330124,-0.2500194013118744,0.9500429034233093
159,1.815980742296106e-08,6.871492862701416,8.019848823547363,0.24994218349456787,-0.25005778670310974,0.9500393271446228
160,1.812498703333862e-08,6.871419906616211,8.019807815551758,0.24992893636226654,-0.250118225812912,0.9500297904014587
161,1.813338681242177e-08,6.8713531494140625,8.01977825164795,0.24991655349731445,-0.25018060207366943,0.9500186443328857
162,1.838723343985125e-08,6.871287822723389,8.019750595092773,0.2498963326215744,-0.2502232491970062,0.9500104784965515
163,1.8700174900627526e-08,6.871220111846924,8.019720077514648,0.24986805021762848,-0.2502369284629822,0.9500085711479187
164,1.881532985264677e-08,6.871149063110352,8.019684791564941,0.24984118342399597,-0.25022754073143005,0.9500128030776978
165,1.880723080903801e-08,6.8710761070251465,8.019649505615234,0.24982842803001404,-0.25020915269851685,0.9500202536582947
166,1.878722606069793e-08,6.871005058288574,8.019619941711426,0.24983562529087067,-0.25019174814224243,0.9500259160995483
167,1.8695173061643165e-08,6.8709397315979,8.019600868225098,0.24986103177070618,-0.25018003582954407,0.9500260353088379
168,1.8510730452932478e-08,6.870882034301758,8.019594192504883,0.24989597499370575,-0.25017255544662476,0.950019896030426
169,1.833348284194613e-08,6.870831489562988,8.019598007202148,0.24992604553699493,-0.25016090273857117,0.9500096440315247
170,1.823320441155409e-08,6.870785236358643,8.019606590270996,0.24994221329689026,-0.25014162063598633,0.9499999284744263
171,1.8156458027185553e-08,6.870739459991455,8.019615173339844,0.24994392693042755,-0.2501189708709717,0.9499951601028442
172,1.808189805539393e-08,6.870692253112793,8.019622802734375,0.24993754923343658,-0.25010281801223755,0.9499972462654114
173,1.8034842976531475e-08,6.870645046234131,8.019631385803223,0.24992811679840088,-0.25009867548942566,0.9500039219856262
174,1.8030391409416024e-08,6.870600700378418,8.019645690917969,0.24992014467716217,-0.2501097321510315,0.9500108957290649
175,1.807129246332989e-08,6.87056303024292,8.019668579101562,0.24991349875926971,-0.25013190507888794,0.9500138759613037
176,1.8140525057409356e-08,6.870532512664795,8.01970100402832,0.24990718066692352,-0.2501591444015503,0.9500113725662231
177,1.8223935985470875e-08,6.870507717132568,8.019739151000977,0.24989716708660126,-0.2501809000968933,0.9500048160552979
178,1.8312291597611267e-08,6.870484828948975,8.019777297973633,0.24988356232643127,-0.250191867351532,0.9499979615211487
179,1.83830840372963e-08,6.870460033416748,8.01980972290039,0.24987059831619263,-0.2501929700374603,0.9499948024749756
180,1.8424017842187885e-08,6.870430946350098,8.019834518432617,0.24986419081687927,-0.25018930435180664,0.9499969482421875
181,1.842230246105262e-08,6.870398998260498,8.019853591918945,0.2498672753572464,-0.2501850128173828,0.9500026702880859
182,1.8387333587798154e-08,6.870367527008057,8.019871711730957,0.24987782537937164,-0.25018054246902466,0.9500080347061157
183,1.8346907865936905e-08,6.870340824127197,8.019893646240234,0.24989061057567596,-0.25017380714416504,0.9500094056129456
184,1.8296668947258076e-08,6.870319843292236,8.019920349121094,0.2499009221792221,-0.25016355514526367,0.9500058889389038
185,1.8222977524122805e-08,6.870303153991699,8.019948959350586,0.24990710616111755,-0.2501514256000519,0.9499995708465576
186,1.815401639215442e-08,6.8702874183654785,8.019976615905762,0.2499103993177414,-0.250141441822052,0.9499942064285278
187,1.811817872937478e-08,6.870270252227783,8.020000457763672,0.2499106377363205,-0.25013455748558044,0.9499924182891846
188,1.809864460480734e-08,6.870251178741455,8.02001953125,0.24990996718406677,-0.2501337230205536,0.9499948620796204
189,1.8092634819213753e-08,6.870231628417969,8.020036697387695,0.2499086558818817,-0.2501387596130371,0.9499996304512024
190,1.8108845802964368e-08,6.870214462280273,8.02005386352539,0.24990537762641907,-0.2501467764377594,0.950003445148468
191,1.8146632640033668e-08,6.870201110839844,8.020073890686035,0.24990129470825195,-0.25015726685523987,0.9500043988227844
192,1.81914526839148e-08,6.87019157409668,8.020095825195312,0.24989545345306396,-0.2501663863658905,0.9500020146369934
193,1.8227485932604627e-08,6.870184421539307,8.02011775970459,0.2498885840177536,-0.2501721680164337,0.9499980211257935
194,1.8256506150694034e-08,6.870176792144775,8.020135879516602,0.24988298118114471,-0.25017493963241577,0.9499949812889099
195,1.8280406265807448e-08,6.870167255401611,8.020149230957031,0.24988077580928802,-0.2501758635044098,0.9499947428703308
196,1.8289448987480794e-08,6.870155334472656,8.020156860351562,0.24988245964050293,-0.25017547607421875,0.9499971270561218
197,1.8281965853209243e-08,6.870142936706543,8.020161628723145,0.24988660216331482,-0.25017327070236206,0.9500002861022949
198,1.8266866441779087e-08,6.870131969451904,8.02016544342041,0.24989113211631775,-0.25016871094703674,0.9500020742416382
199,1.824394461976864e-08,6.870123863220215,8.020171165466309,0.24989476799964905,-0.25016239285469055,0.9500013589859009
200,1.8210776851693493e-08,6.870118618011475,8.020177841186523,0.2498975694179535,-0.2501562237739563,0.949998676776886
201,1.8178151204345273e-08,6.870114326477051,8.020183563232422,0.2499002069234848,-0.2501523792743683,0.949995756149292
202,1.815784275936175e-08,6.870109558105469,8.020187377929688,0.24990278482437134,-0.25015175342559814,0.9499943852424622
203,1.815097419122521e-08,6.87010383605957,8.020188331604004,0.2499043047428131,-0.25015345215797424,0.9499950408935547
204,1.8154426746130973e-08,6.870098114013672,8.020187377929688,0.24990352988243103,-0.25015583634376526,0.9499969482421875
205,1.8164880839763054e-08,6.870092868804932,8.020186424255371,0.24990014731884003,-0.25015777349472046,0.9499987959861755
206,1.8179245870562473e-08,6.870089530944824,8.020186424255371,0.24989531934261322,-0.25015944242477417,0.9499994516372681
207,1.8194598496358762e-08,6.870087623596191,8.020187377929688,0.24989104270935059,-0.2501618266105652,0.9499987959861755
208,1.8210367268186407e-08,6.870086669921875,8.020188331604004,0.2498888075351715,-0.25016534328460693,0.9499973654747009
209,1.8225826494609472e-08,6.870085716247559,8.020188331604004,0.24988871812820435,-0.2501690685749054,0.9499961137771606
210,1.8238723521352673e-08,6.870083808898926,8.020186424255371,0.24988968670368195,-0.2501712441444397,0.9499956965446472
211,1.824491674823422e-08,6.870080947875977,8.020181655883789,0.2498905509710312,-0.25017061829566956,0.9499962329864502
212,1.824108497584533e-08,6.870078086853027,8.02017593383789,0.24989093840122223,-0.2501673698425293,0.9499971866607666
213,1.822847079207132e-08,6.870075702667236,8.020170211791992,0.24989153444766998,-0.25016316771507263,0.9499979019165039
214,1.821268128318919e-08,6.8700737953186035,8.020164489746094,0.24989309906959534,-0.25015994906425476,0.9499979615211487
215,1.819813116258556e-08,6.870072841644287,8.020159721374512,0.24989564716815948,-0.2501586675643921,0.9499973654747009
216,1.8187894793114304e-08,6.870072364807129,8.020155906677246,0.24989818036556244,-0.2501588463783264,0.9499964118003845
217,1.818288067044785e-08,6.870072364807129,8.02015209197998,0.2498994618654251,-0.2501593232154846,0.9499956369400024
218,1.8181860554669747e-08,6.870071887969971,8.020148277282715,0.24989889562129974,-0.25015944242477417,0.9499953985214233
219,1.818297346683372e-08,6.8700714111328125,8.020143508911133,0.24989694356918335,-0.2501594126224518,0.9499958157539368
220,1.8186485388549167e-08,6.870070934295654,8.02013874053955,0.24989470839500427,-0.25015997886657715,0.9499966502189636
221,1.819346606797846e-08,6.870070457458496,8.020133972167969,0.24989309906959534,-0.25016161799430847,0.9499973058700562
222,1.820335028884951e-08,6.870070457458496,8.020130157470703,0.24989233911037445,-0.2501639425754547,0.9499974250793457
223,1.8213404861537866e-08,6.8700714111328125,8.020127296447754,0.24989204108715057,-0.2501659691333771,0.9499969482421875
224,1.8220859004091046e-08,6.870072364807129,8.020124435424805,0.24989178776741028,-0.2501668632030487,0.9499962329864502
225,1.8223950555915567e-08,6.870073318481445,8.020121574401855,0.24989153444766998,-0.2501664459705353,0.9499956965446472
226,1.8222340084454477e-08,6.870073318481445,8.02011775970459,0.24989160895347595,-0.250165194272995,0.9499956965446472
227,1.8217540836907175e-08,6.870072841644287,8.020113945007324,0.24989230930805206,-0.2501637935638428,0.9499962329864502
228,1.8211559082081122e-08,6.870072364807129,8.020110130310059,0.24989354610443115,-0.25016269087791443,0.949996829032898
229,1.8205787180618456e-08,6.870072364807129,8.02010726928711,0.2498948574066162,-0.25016188621520996,0.949997067451477
230,1.820087819355753e-08,6.870072841644287,8.020105361938477,0.24989573657512665,-0.25016123056411743,0.9499967694282532
231,1.819649189637053e-08,6.8700737953186035,8.02010440826416,0.24989600479602814,-0.25016075372695923,0.9499961733818054
232,1.8193612995704216e-08,6.87007474899292,8.020103454589844,0.24989578127861023,-0.2501606345176697,0.9499956965446472
233,1.8193140699875572e-08,6.870075702667236,8.020102500915527,0.2498953491449356,-0.2501610219478607,0.9499956965446472
234,1.8195347844224378e-08,6.8700761795043945,8.020101547241211,0.24989484250545502,-0.2501618266105652,0.9499961137771606
235,1.819960865138779e-08,6.870076656341553,8.020100593566895,0.24989424645900726,-0.2501627802848816,0.9499966502189636
236,1.8204774012480412e-08,6.870077133178711,8.020099639892578,0.24989354610443115,-0.2501635253429413,0.9499969482421875
237,1.8209239809794713e-08,6.870078086853027,8.020099639892578,0.24989286065101624,-0.2501639723777771,0.949996829032898
238,1.821205798649397e-08,6.870079040527344,8.020099639892578,0.249892458319664,-0.2501641809940338,0.9499964714050293
239,1.8213184255968603e-08,6.87007999420166,8.020099639892578,0.24989251792430878,-0.250164270401001,0.9499961137771606
240,1.8213043300579206e-08,6.870080471038818,8.020099639892578,0.2498929798603058,-0.2501642107963562,0.9499960541725159
241,1.821188418613169e-08,6.870080947875977,8.020099639892578,0.24989357590675354,-0.25016385316848755,0.949996292591095
242,1.820966249071051e-08,6.870081424713135,8.020099639892578,0.24989406764507294,-0.25016316771507263,0.9499965906143188
243,1.8206553583365254e-08,6.870081901550293,8.020099639892578,0.24989435076713562,-0.2501623332500458,0.9499967694282532
244,1.8203186446556594e-08,6.870082378387451,8.020099639892578,0.24989454448223114,-0.25016167759895325,0.9499967098236084
245,1.8200311130301488e-08,6.870083332061768,8.020100593566895,0.24989476799964905,-0.25016146898269653,0.9499965310096741
246,1.8199015412221625e-08,6.870084285736084,8.020101547241211,0.24989497661590576,-0.25016170740127563,0.9499963521957397
247,1.819932319002923e-08,6.8700852394104,8.020102500915527,0.24989502131938934,-0.25016215443611145,0.9499963521957397
248,1.8200850333873475e-08,6.870085716247559,8.020103454589844,0.24989475309848785,-0.2501625120639801,0.9499964714050293
249,1.820279174718549e-08,6.870086193084717,8.02010440826416,0.24989423155784607,-0.25016269087791443,0.9499966502189636
250,1.8204626374826644e-08,6.870086669921875,8.020105361938477,0.2498936951160431,-0.250162810087204,0.9499967694282532
251,1.8206210115360734e-08,6.870087146759033,8.020106315612793,0.2498933970928192,-0.2501630485057831,0.9499967694282532
252,1.8207650601533806e-08,6.870087623596191,8.02010726928711,0.2498934119939804,-0.25016337633132935,0.9499967098236084
253,1.8208727694835308e-08,6.87008810043335,8.020108222961426,0.24989362061023712,-0.25016358494758606,0.9499966502189636
254,1.8209046380222564e-08,6.870088577270508,8.020109176635742,0.24989381432533264,-0.2501634955406189,0.9499966502189636
255,1.820835587656095e-08,6.870089054107666,8.020110130310059,0.2498939335346222,-0.25016310811042786,0.9499966502189636
256,1.8206695756564032e-08,6.870089530944824,8.020111083984375,0.24989403784275055,-0.25016260147094727,0.9499967098236084
257,1.82047055475019e-08,6.870090007781982,8.020112037658691,0.24989423155784607,-0.2501622438430786,0.9499967694282532
258,1.8203136541881087e-08,6.870090484619141,8.020112991333008,0.24989449977874756,-0.25016212463378906,0.949996829032898
259,1.8202249952916062e-08,6.870090961456299,8.020113945007324,0.24989472329616547,-0.25016218423843384,0.949996829032898
260,1.8202080326802605e-08,6.870091438293457,8.02011489868164,0.24989475309848785,-0.2501622438430786,0.949996829032898
261,1.8202220004349713e-08,6.870091915130615,8.020115852355957,0.24989458918571472,-0.250162273645401,0.9499967694282532
262,1.8202584726974958e-08,6.870092391967773,8.020115852355957,0.24989433586597443,-0.2501623332500458,0.9499967694282532
263,1.8203255706582182e-08,6.870092868804932,8.020115852355957,0.2498941421508789,-0.2501625120639801,0.949996829032898
264,1.8204347896937382e-08,6.87009334564209,8.020115852355957,0.24989403784275055,-0.2501627504825592,0.9499968886375427
265,1.820551861253173e-08,6.870093822479248,8.020115852355957,0.24989400804042816,-0.2501629590988159,0.9499969482421875
266,1.820639698455609e-08,6.870094299316406,8.020115852355957,0.24989397823810577,-0.2501630187034607,0.9499969482421875
267,1.820668070879952e-08,6.8700947761535645,8.020115852355957,0.24989396333694458,-0.25016292929649353,0.9499968886375427
268,1.8206307393648517e-08,6.870095252990723,8.020115852355957,0.24989399313926697,-0.2501627802848816,0.949996829032898
269,1.8205680852255913e-08,6.870095729827881,8.020115852355957,0.2498941272497177,-0.25016266107559204,0.949996829032898
270,1.8205001939047682e-08,6.870095729827881,8.020115852355957,0.24989430606365204,-0.2501625716686249,0.9499968886375427
271,1.8204412098727875e-08,6.870095729827881,8.020115852355957,0.24989444017410278,-0.2501624524593353,0.9499969482421875
272,1.82037628647086e-08,6.870096206665039,8.020115852355957,0.24989448487758636,-0.2501623332500458,0.9499970078468323
273,1.820335170347462e-08,6.870096683502197,8.020115852355957,0.24989446997642517,-0.250162273645401,0.9499970078468323
274,1.820316570831819e-08,6.8700971603393555,8.020115852355957,0.2498944252729416,-0.250162273645401,0.9499969482421875
275,1.8203115774241253e-08,6.870097637176514,8.020115852355957,0.2498943954706192,-0.25016239285469055,0.9499968886375427
276,1.8203622823809303e-08,6.870098114013672,8.020115852355957,0.24989436566829681,-0.2501625418663025,0.9499968886375427
277,1.8204203442158247e-08,6.870098114013672,8.020115852355957,0.24989430606365204,-0.25016266107559204,0.9499969482421875
278,1.8204826640845422e-08,6.870098114013672,8.020115852355957,0.24989421665668488,-0.25016269087791443,0.9499970078468323
279,1.82051716422347e-08,6.870098114013672,8.020115852355957,0.2498941272497177,-0.25016266107559204,0.9499970078468323
280,1.8205254622363958e-08,6.870098114013672,8.020115852355957,0.24989409744739532,-0.25016263127326965,0.9499970078468323
281,1.8205196894599088e-08,6.870098114013672,8.020115852355957,0.2498941570520401,-0.25016266107559204,0.9499969482421875
282,1.8205131119786084e-08,6.870098114013672,8.020115852355957,0.24989426136016846,-0.25016266107559204,0.9499969482421875
283,1.8204912170714145e-08,6.870098114013672,8.020115852355957,0.24989433586597443,-0.25016263127326965,0.9499969482421875
284,1.8204661755118664e-08,6.870098114013672,8.020115852355957,0.24989435076713562,-0.2501625120639801,0.9499969482421875
285,1.8204183602613763e-08,6.870098114013672,8.020115852355957,0.24989435076713562,-0.25016242265701294,0.9499969482421875
286,1.8203891553440323e-08,6.870098114013672,8.020115852355957,0.24989435076713562,-0.25016239285469055,0.9499970078468323
287,1.8203850211488355e-08,6.870098114013672,8.020115852355957,0.24989436566829681,-0.25016242265701294,0.9499970078468323
288,1.8203935343781227e-08,6.870098114013672,8.020115852355957,0.24989436566829681,-0.2501624822616577,0.9499969482421875
289,1.82040863668604e-08,6.870098114013672,8.020115852355957,0.24989435076713562,-0.2501625418663025,0.9499969482421875
290,1.8204302029551407e-08,6.870098114013672,8.020115852355957,0.24989430606365204,-0.2501625716686249,0.9499969482421875
291,1.820449031999619e-08,6.870098114013672,8.020115852355957,0.24989426136016846,-0.2501625716686249,0.9499969482421875
292,1.8204609026172654e-08,6.870098114013672,8.020115852355957,0.24989423155784607,-0.2501625716686249,0.9499969482421875
293,1.8204661381155808e-08,6.870098114013672,8.020115852355957,0.24989423155784607,-0.25016260147094727,0.9499970078468323
294,1.8204801914152267e-08,6.870098114013672,8.020115852355957,0.24989424645900726,-0.25016263127326965,0.9499970078468323
295,1.8204896352982078e-08,6.870098114013672,8.020115852355957,0.24989426136016846,-0.25016260147094727,0.9499970078468323
296,1.8204755388844313e-08,6.870098114013672,8.020115852355957,0.24989426136016846,-0.2501625716686249,0.9499969482421875
297,1.8204609026172654e-08,6.870098114013672,8.020115852355957,0.24989427626132965,-0.2501625418663025,0.9499968886375427
298,1.820440186563761e-08,6.870098114013672,8.020115852355957,0.24989432096481323,-0.2501625418663025,0.9499968886375427
299,1.8204322498828822e-08,6.870098114013672,8.020115852355957,0.24989435076713562,-0.2501625418663025,0.9499969482421875
300,1.8204302029551407e-08,6.870098114013672,8.020115852355957,0.24989435076713562,-0.2501625120639801,0.9499970078468323
301,1.820426090967553e-08,6.870098114013672,8.020115852355957,0.24989432096481323,-0.2501624822616577,0.949997067451477
302,1.820426786060452e-08,6.870098114013672,8.020115852355957,0.24989427626132965,-0.2501624524593353,0.9499970078468323
303,1.8204206876000907e-08,6.870098114013672,8.020115852355957,0.24989427626132965,-0.2501624822616577,0.9499969482421875
304,1.8204248299535214e-08,6.870098114013672,8.020115852355957,0.24989432096481323,-0.2501625716686249,0.9499968886375427
305,1.8204391135069668e-08,6.870098114013672,8.020115852355957,0.24989433586597443,-0.25016263127326965,0.9499968886375427
306,1.820459725499898e-08,6.870098114013672,8.020115852355957,0.24989430606365204,-0.25016263127326965,0.9499969482421875
307,1.820471863724916e-08,6.870098114013672,8.020115852355957,0.24989424645900726,-0.2501625716686249,0.9499970078468323
308,1.8204704039799545e-08,6.870098114013672,8.020115852355957,0.24989420175552368,-0.2501625120639801,0.949997067451477
309,1.820463440530195e-08,6.870098114013672,8.020115852355957,0.24989421665668488,-0.2501625120639801,0.9499970078468323
310,1.8204536617888563e-08,6.870098114013672,8.020115852355957,0.24989429116249084,-0.2501625716686249,0.9499969482421875
311,1.82045132351924e-08,6.870098114013672,8.020115852355957,0.24989435076713562,-0.25016260147094727,0.9499968886375427
312,1.8204460940867025e-08,6.870098114013672,8.020115852355957,0.24989436566829681,-0.2501625716686249,0.9499968886375427
313,1.820432110747193e-08,6.870098114013672,8.02011489868164,0.24989433586597443,-0.2501625120639801,0.9499969482421875
314,1.8204258426401724e-08,6.870098114013672,8.02011489868164,0.24989429116249084,-0.2501624524593353,0.9499970078468323
315,1.82041871502344e-08,6.870098114013672,8.02011489868164,0.24989427626132965,-0.2501624524593353,0.949997067451477
316,1.8204285131129207e-08,6.870098114013672,8.02011489868164,0.24989429116249084,-0.2501625120639801,0.9499970078468323
317,1.820441003422825e-08,6.870098114013672,8.02011489868164,0.24989432096481323,-0.25016260147094727,0.9499969482421875
318,1.8204589631606298e-08,6.870098114013672,8.02011489868164,0.24989430606365204,-0.25016263127326965,0.9499968886375427
319,1.8204657930256558e-08,6.870098114013672,8.02011489868164,0.24989426136016846,-0.25016260147094727,0.9499968886375427
320,1.8204659419116862e-08,6.870098114013672,8.02011489868164,0.24989423155784607,-0.2501625716686249,0.9499969482421875
321,1.8204668670963037e-08,6.870098114013672,8.02011489868164,0.24989424645900726,-0.2501625716686249,0.9499970078468323
322,1.820471151477291e-08,6.870098114013672,8.02011489868164,0.24989427626132965,-0.2501625716686249,0.9499970078468323
323,1.820462150630653e-08,6.870098114013672,8.02011489868164,0.24989429116249084,-0.2501625418663025,0.9499970078468323
324,1.82044795959569e-08,6.870098114013672,8.02011489868164,0.24989430606365204,-0.2501625418663025,0.9499969482421875
325,1.82044232232888e-08,6.870098114013672,8.02011489868164,0.24989430606365204,-0.2501625418663025,0.9499968886375427
326,1.8204356405215744e-08,6.870098114013672,8.02011489868164,0.24989432096481323,-0.2501625418663025,0.9499968886375427
327,1.8204329628469675e-08,6.870098114013672,8.02011489868164,0.24989432096481323,-0.2501625418663025,0.9499969482421875
328,1.8204355691880195e-08,6.870098114013672,8.02011489868164,0.24989430606365204,-0.2501625418663025,0.9499970078468323
329,1.8204456673320292e-08,6.870098114013672,8.02011489868164,0.24989429116249084,-0.2501625120639801,0.9499970078468323
330,1.820441003422825e-08,6.870098114013672,8.02011489868164,0.24989427626132965,-0.2501625120639801,0.9499970078468323
331,1.8204437073659725e-08,6.870098114013672,8.02011489868164,0.24989427626132965,-0.2501625418663025,0.9499969482421875
332,1.820447835591632e-08,6.870098114013672,8.02011489868164,0.24989429116249084,-0.25016260147094727,0.9499968886375427
333,1.8204563149195893e-08,6.870098114013672,8.02011489868164,0.24989430606365204,-0.25016263127326965,0.9499968886375427
334,1.8204657930256558e-08,6.870098114013672,8.02011489868164,0.24989429116249084,-0.25016260147094727,0.9499969482421875
335,1.8204639001920003e-08,6.870098114013672,8.02011489868164,0.24989426136016846,-0.2501625418663025,0.9499970078468323
336,1.8204574877977784e-08,6.870098114013672,8.02011489868164,0.24989424645900726,-0.2501625120639801,0.949997067451477
337,1.8204562278427362e-08,6.870098114013672,8.02011489868164,0.24989426136016846,-0.2501625120639801,0.9499970078468323
338,1.820446240850162e-08,6.870098114013672,8.02011489868164,0.24989430606365204,-0.2501625418663025,0.9499969482421875
339,1.82044232232888e-08,6.870098114013672,8.02011489868164,0.24989433586597443,-0.2501625716686249,0.9499968886375427
340,1.820437537034985e-08,6.870098114013672,8.02011489868164,0.24989433586597443,-0.2501625716686249,0.9499968886375427
341,1.820437537034985e-08,6.870098114013672,8.02011489868164,0.24989430606365204,-0.2501625418663025,0.9499969482421875
342,1.82044232232888e-08,6.870098114013672,8.02011489868164,0.24989427626132965,-0.2501625120639801,0.9499970078468323
343,1.8204437073659725e-08,6.870098114013672,8.02011489868164,0.24989427626132965,-0.2501625120639801,0.9499970078468323
344,1.8204437073659725e-08,6.870098114013672,8.02011489868164,0.24989429116249084,-0.2501625418663025,0.9499970078468323
345,1.82044795959569e-08,6.870098114013672,8.02011489868164,0.24989430606365204,-0.2501625716686249,0.9499969482421875
346,1.820449762516892e-08,6.870098114013672,8.02011489868164,0.24989429116249084,-0.2501625716686249,0.9499968886375427
347,1.820449449068124e-08,6.870098114013672,8.02011489868164,0.24989429116249084,-0.2501625716686249,0.9499968886375427
348,1.820449449068124e-08,6.870098114013672,8.02011489868164,0.24989429116249084,-0.2501625716686249,0.9499969482421875
349,1.820452053625586e-08,6.870098114013672,8.02011489868164,0.24989429116249084,-0.2501625418663025,0.9499970078468323
350,1.82044795959569e-08,6.870098114013672,8.02011489868164,0.24989427626132965,-0.2501625418663025,0.949997067451477
351,1.8204582193444103e-08,6.870098114013672,8.02011489868164,0.24989426136016846,-0.2501625418663025,0.9499970078468323
352,1.8204574877977784e-08,6.870098114013672,8.02011489868164,0.24989426136016846,-0.2501625418663025,0.9499968886375427
353,1.82044361851078e-08,6.870098114013672,8.02011489868164,0.24989430606365204,-0.2501625716686249,0.9499968886375427
354,1.8204466305630466e-08,6.870098114013672,8.02011489868164,0.24989433586597443,-0.25016260147094727,0.9499969482421875
355,1.8204561075775613e-08,6.870098114013672,8.02011489868164,0.24989432096481323,-0.2501625716686249,0.9499970078468323
356,1.8204548005674576e-08,6.870098114013672,8.02011489868164,0.24989426136016846,-0.2501625120639801,0.9499970078468323
357,1.820446240850162e-08,6.870098114013672,8.02011489868164,0.24989424645900726,-0.2501624822616577,0.9499969482421875
358,1.8204310177663352e-08,6.870098114013672,8.02011489868164,0.24989429116249084,-0.2501625418663025,0.9499969482421875
359,1.8204451435574e-08,6.870098114013672,8.02011489868164,0.24989433586597443,-0.25016260147094727,0.9499969482421875
360,1.8204561075775613e-08,6.870098114013672,8.02011489868164,0.24989432096481323,-0.25016260147094727,0.9499969482421875
361,1.8204589631606298e-08,6.870098114013672,8.02011489868164,0.24989427626132965,-0.2501625418663025,0.9499969482421875
362,1.820447835591632e-08,6.870098114013672,8.02011489868164,0.24989424645900726,-0.2501625120639801,0.9499969482421875
363,1.8204420479560538e-08,6.870098114013672,8.02011489868164,0.24989427626132965,-0.2501625418663025,0.9499969482421875
364,1.820447835591632e-08,6.870098114013672,8.02011489868164,0.24989432096481323,-0.2501625716686249,0.9499970078468323
365,1.8204548005674576e-08,6.870098114013672,8.02011489868164,0.24989432096481323,-0.2501625716686249,0.9499970078468323
366,1.8204548005674576e-08,6.870098114013672,8.02011489868164,0.24989427626132965,-0.2501625418663025,0.9499969482421875
367,1.820447835591632e-08,6.870098114013672,8.02011489868164,0.24989426136016846,-0.2501625120639801,0.9499968886375427
368,1.820432577504681e-08,6.870098114013672,8.02011489868164,0.24989429116249084,-0.2501625418663025,0.9499969482421875
369,1.8204451435574e-08,6.870098114013672,8.02011489868164,0.24989432096481323,-0.2501625716686249,0.9499970078468323
370,1.8204548005674576e-08,6.870098114013672,8.02011489868164,0.24989432096481323,-0.2501625716686249,0.9499970078468323
371,1.8204548005674576e-08,6.870098114013672,8.02011489868164,0.24989427626132965,-0.2501625418663025,0.9499969482421875
372,1.820447835591632e-08,6.870098114013672,8.02011489868164,0.24989426136016846,-0.2501625120639801,0.9499968886375427
373,1.820432577504681e-08,6.870098114013672,8.02011489868164,0.24989429116249084,-0.2501625418663025,0.9499969482421875
374,1.8204451435574e-08,6.870098114013672,8.02011489868164,0.24989432096481323,-0.2501625716686249,0.9499970078468323
375,1.8204548005674576e-08,6.870098114013672,8.02011489868164,0.24989430606365204,-0.2501625716686249,0.9499970078468323
376,1.820457403598162e-08,6.870098114013672,8.02011489868164,0.24989427626132965,-0.2501625418663025,0.9499969482421875
377,1.820447835591632e-08,6.870098114013672,8.02011489868164,0.24989426136016846,-0.2501625418663025,0.9499969482421875
378,1.8204503738080188e-08,6.870098114013672,8.02011489868164,0.24989427626132965,-0.2501625716686249,0.9499969482421875
379,1.820458808694462e-08,6.870098114013672,8.02011489868164,0.24989429116249084,-0.2501625716686249,0.9499969482421875
380,1.820452053625586e-08,6.870098114013672,8.02011489868164,0.24989430606365204,-0.2501625716686249,0.9499969482421875
381,1.820449762516892e-08,6.870098114013672,8.02011489868164,0.24989429116249084,-0.2501625418663025,0.9499969482421875
382,1.8204451435574e-08,6.870098114013672,8.02011489868164,0.24989429116249084,-0.2501625418663025,0.9499969482421875
383,1.8204451435574e-08,6.870098114013672,8.02011489868164,0.24989429116249084,-0.2501625418663025,0.9499970078468323
384,1.82044795959569e-08,6.870098114013672,8.02011489868164,0.24989429116249084,-0.2501625418663025,0.9499970078468323
385,1.82044795959569e-08,6.870098114013672,8.02011489868164,0.24989429116249084,-0.2501625418663025,0.9499969482421875
386,1.8204451435574e-08,6.870098114013672,8.02011489868164,0.24989429116249084,-0.2501625418663025,0.9499968886375427
387,1.8204381825397864e-08,6.870098114013672,8.02011489868164,0.24989430606365204,-0.2501625716686249,0.9499969482421875
388,1.820449762516892e-08,6.870098114013672,8.02011489868164,0.24989430606365204,-0.2501625716686249,0.9499970078468323
389,1.820457403598162e-08,6.870098114013672,8.02011489868164,0.24989427626132965,-0.2501625418663025,0.9499970078468323
390,1.8204546630665118e-08,6.870098114013672,8.02011489868164,0.24989426136016846,-0.2501625120639801,0.9499969482421875
391,1.820439323826269e-08,6.870098114013672,8.02011489868164,0.24989429116249084,-0.2501625418663025,0.9499968886375427
392,1.8204381825397864e-08,6.870098114013672,8.02011489868164,0.24989432096481323,-0.2501625716686249,0.9499969482421875
393,1.820447414324588e-08,6.870098114013672,8.02011489868164,0.24989432096481323,-0.2501625716686249,0.9499970078468323
394,1.8204548005674576e-08,6.870098114013672,8.02011489868164,0.24989429116249084,-0.2501625418663025,0.9499970078468323
395,1.82044795959569e-08,6.870098114013672,8.02011489868164,0.24989426136016846,-0.2501625120639801,0.9499969482421875
396,1.820439323826269e-08,6.870098114013672,8.02011489868164,0.24989427626132965,-0.2501625418663025,0.9499969482421875
397,1.820447835591632e-08,6.870098114013672,8.02011489868164,0.24989430606365204,-0.2501625716686249,0.9499969482421875
398,1.820449762516892e-08,6.870098114013672,8.02011489868164,0.24989430606365204,-0.2501625716686249,0.9499969482421875
399,1.820449762516892e-08,6.870098114013672,8.02011489868164,0.24989429116249084,-0.2501625716686249,0.9499969482421875
400,1.820452053625586e-08,6.870098114013672,8.02011489868164,0.24989427626132965,-0.2501625418663025,0.9499969482421875
401,1.820447835591632e-08,6.870098114013672,8.02011489868164,0.24989427626132965,-0.2501625418663025,0.9499969482421875
402,1.820447835591632e-08,6.870098114013672,8.02011489868164,0.24989429116249084,-0.2501625418663025,0.9499970078468323
403,1.82044795959569e-08,6.870098114013672,8.02011489868164,0.24989430606365204,-0.2501625418663025,0.9499970078468323
404,1.8204456673320292e-08,6.870098114013672,8.02011489868164,0.24989430606365204,-0.2501625418663025,0.9499969482421875
405,1.82044232232888e-08,6.870098114013672,8.02011489868164,0.24989429116249084,-0.2501625418663025,0.9499968886375427
406,1.8204381825397864e-08,6.870098114013672,8.02011489868164,0.24989430606365204,-0.2501625716686249,0.9499969482421875
407,1.820449762516892e-08,6.870098114013672,8.02011489868164,0.24989429116249084,-0.2501625716686249,0.9499970078468323
408,1.8204597982835232e-08,6.870098114013672,8.02011489868164,0.24989426136016846,-0.2501625418663025,0.9499970078468323
409,1.8204574877977784e-08,6.870098114013672,8.02011489868164,0.24989426136016846,-0.2501625418663025,0.9499969482421875
410,1.8204503738080188e-08,6.870098114013672,8.02011489868164,0.24989429116249084,-0.2501625716686249,0.9499968886375427
411,1.820449449068124e-08,6.870098114013672,8.02011489868164,0.24989432096481323,-0.2501625716686249,0.9499969482421875
412,1.820447414324588e-08,6.870098114013672,8.02011489868164,0.24989432096481323,-0.2501625418663025,0.9499970078468323
413,1.8204433178829055e-08,6.870098114013672,8.02011489868164,0.24989429116249084,-0.2501625120639801,0.9499970078468323
414,1.820441003422825e-08,6.870098114013672,8.02011489868164,0.24989427626132965,-0.2501625120639801,0.9499969482421875
415,1.8204366034121577e-08,6.870098114013672,8.02011489868164,0.24989429116249084,-0.2501625418663025,0.9499968886375427
416,1.8204381825397864e-08,6.870098114013672,8.02011489868164,0.24989432096481323,-0.25016260147094727,0.9499969482421875
417,1.8204589631606298e-08,6.870098114013672,8.02011489868164,0.24989430606365204,-0.25016260147094727,0.9499970078468323
418,1.8204684260167482e-08,6.870098114013672,8.02011489868164,0.24989424645900726,-0.2501625418663025,0.9499970078468323
419,1.820460194209299e-08,6.870098114013672,8.02011489868164,0.24989423155784607,-0.2501625120639801,0.9499969482421875
420,1.8204447769089745e-08,6.870098114013672,8.02011489868164,0.24989427626132965,-0.2501625418663025,0.9499969482421875
421,1.820447835591632e-08,6.870098114013672,8.02011489868164,0.24989433586597443,-0.25016260147094727,0.9499969482421875
422,1.8204561075775613e-08,6.870098114013672,8.02011489868164,0.24989433586597443,-0.25016260147094727,0.9499969482421875
423,1.8204561075775613e-08,6.870098114013672,8.02011489868164,0.24989427626132965,-0.2501625120639801,0.9499969482421875
424,1.8204366034121577e-08,6.870098114013672,8.02011489868164,0.24989426136016846,-0.2501624822616577,0.9499969482421875
425,1.8204282875191783e-08,6.870098114013672,8.02011489868164,0.24989429116249084,-0.2501625418663025,0.9499969482421875
426,1.8204451435574e-08,6.870098114013672,8.02011489868164,0.24989433586597443,-0.25016260147094727,0.9499970078468323
427,1.8204627402710962e-08,6.870098114013672,8.02011489868164,0.24989430606365204,-0.2501625716686249,0.9499970078468323
428,1.820457403598162e-08,6.870098114013672,8.02011489868164,0.24989424645900726,-0.2501625120639801,0.9499969482421875
429,1.8204420479560538e-08,6.870098114013672,8.02011489868164,0.24989424645900726,-0.2501625120639801,0.9499968886375427
430,1.8204353072709747e-08,6.870098114013672,8.02011489868164,0.24989432096481323,-0.2501625716686249,0.9499969482421875
431,1.820447414324588e-08,6.870098114013672,8.02011489868164,0.24989435076713562,-0.25016260147094727,0.9499970078468323
432,1.820459923201569e-08,6.870098114013672,8.02011489868164,0.24989430606365204,-0.2501625418663025,0.9499970078468323
433,1.8204456673320292e-08,6.870098114013672,8.02011489868164,0.24989424645900726,-0.2501624822616577,0.9499969482421875
434,1.8204310177663352e-08,6.870098114013672,8.02011489868164,0.24989426136016846,-0.2501625120639801,0.9499968886375427
435,1.820432577504681e-08,6.870098114013672,8.02011489868164,0.24989432096481323,-0.25016260147094727,0.9499969482421875
436,1.8204589631606298e-08,6.870098114013672,8.02011489868164,0.24989433586597443,-0.25016263127326965,0.9499970078468323
437,1.8204736637529888e-08,6.870098114013672,8.02011489868164,0.24989427626132965,-0.2501625716686249,0.9499970078468323
438,1.820462150630653e-08,6.870098114013672,8.02011489868164,0.24989421665668488,-0.2501624822616577,0.9499969482421875
439,1.820429442425943e-08,6.870098114013672,8.02011489868164,0.24989424645900726,-0.2501625120639801,0.9499969482421875
440,1.8204420479560538e-08,6.870098114013672,8.02011489868164,0.24989433586597443,-0.25016260147094727,0.9499969482421875
441,1.8204561075775613e-08,6.870098114013672,8.02011489868164,0.24989435076713562,-0.25016260147094727,0.9499969482421875
442,1.8204532588486556e-08,6.870098114013672,8.02011489868164,0.24989430606365204,-0.2501625418663025,0.9499969482421875
443,1.82044232232888e-08,6.870098114013672,8.02011489868164,0.24989426136016846,-0.2501624822616577,0.9499969482421875
444,1.8204282875191783e-08,6.870098114013672,8.02011489868164,0.24989427626132965,-0.2501625120639801,0.9499969482421875
445,1.8204366034121577e-08,6.870098114013672,8.02011489868164,0.24989432096481323,-0.2501625716686249,0.9499970078468323
446,1.8204548005674576e-08,6.870098114013672,8.02011489868164,0.24989432096481323,-0.25016260147094727,0.9499970078468323
447,1.820465575431783e-08,6.870098114013672,8.02011489868164,0.24989426136016846,-0.2501625418663025,0.9499969482421875
448,1.8204503738080188e-08,6.870098114013672,8.02011489868164,0.24989424645900726,-0.2501625120639801,0.9499968886375427
449,1.8204353072709747e-08,6.870098114013672,8.02011489868164,0.24989429116249084,-0.2501625716686249,0.9499969482421875
450,1.820452053625586e-08,6.870098114013672,8.02011489868164,0.24989432096481323,-0.25016260147094727,0.9499970078468323
451,1.820465575431783e-08,6.870098114013672,8.02011489868164,0.24989429116249084,-0.2501625716686249,0.9499970078468323
452,1.8204597982835232e-08,6.870098114013672,8.02011489868164,0.24989424645900726,-0.2501625120639801,0.9499969482421875
453,1.8204420479560538e-08,6.870098114013672,8.02011489868164,0.24989426136016846,-0.2501625120639801,0.9499968886375427
454,1.820432577504681e-08,6.870098114013672,8.02011489868164,0.24989433586597443,-0.2501625716686249,0.9499969482421875
455,1.8204450314613636e-08,6.870098114013672,8.02011489868164,0.24989436566829681,-0.25016260147094727,0.9499970078468323
456,1.8204571850831565e-08,6.870098114013672,8.02011489868164,0.24989429116249084,-0.2501625418663025,0.9499970078468323
457,1.82044795959569e-08,6.870098114013672,8.02011489868164,0.24989421665668488,-0.2501624822616577,0.9499969482421875
458,1.820429442425943e-08,6.870098114013672,8.02011489868164,0.24989424645900726,-0.2501625418663025,0.9499968886375427
459,1.820446342379288e-08,6.870098114013672,8.02011489868164,0.24989433586597443,-0.25016263127326965,0.9499969482421875
460,1.8204669058418026e-08,6.870098114013672,8.02011489868164,0.24989433586597443,-0.25016263127326965,0.9499970078468323
461,1.8204736637529888e-08,6.870098114013672,8.02011489868164,0.24989426136016846,-0.2501625120639801,0.9499970078468323
462,1.820446240850162e-08,6.870098114013672,8.02011489868164,0.24989423155784607,-0.2501624524593353,0.9499969482421875
463,1.8204158816492148e-08,6.870098114013672,8.02011489868164,0.24989429116249084,-0.2501625120639801,0.9499969482421875
464,1.820433887059237e-08,6.870098114013672,8.02011489868164,0.24989436566829681,-0.25016260147094727,0.9499969482421875
465,1.8204504249886082e-08,6.870098114013672,8.02011489868164,0.24989435076713562,-0.25016260147094727,0.9499969482421875
466,1.8204532588486556e-08,6.870098114013672,8.02011489868164,0.24989427626132965,-0.2501625418663025,0.9499969482421875
467,1.820447835591632e-08,6.870098114013672,8.02011489868164,0.24989423155784607,-0.2501624822616577,0.9499969482421875
468,1.8204337521937345e-08,6.870098114013672,8.02011489868164,0.24989426136016846,-0.2501625418663025,0.9499970078468323
469,1.8204574877977784e-08,6.870098114013672,8.02011489868164,0.24989430606365204,-0.25016260147094727,0.9499970078468323
470,1.8204684260167482e-08,6.870098114013672,8.02011489868164,0.24989430606365204,-0.25016260147094727,0.9499969482421875
471,1.8204615145035707e-08,6.870098114013672,8.02011489868164,0.24989427626132965,-0.2501625418663025,0.9499968886375427
472,1.8204408983442124e-08,6.870098114013672,8.02011489868164,0.24989427626132965,-0.2501625418663025,0.9499968886375427
473,1.8204408983442124e-08,6.870098114013672,8.02011489868164,0.24989430606365204,-0.2501625418663025,0.9499970078468323
474,1.8204456673320292e-08,6.870098114013672,8.02011489868164,0.24989432096481323,-0.2501625418663025,0.949997067451477
475,1.8204508048511435e-08,6.870098114013672,8.02011489868164,0.24989429116249084,-0.2501625120639801,0.9499970078468323
476,1.820441003422825e-08,6.870098114013672,8.02011489868164,0.24989427626132965,-0.2501625120639801,0.9499968886375427
477,1.8204298515744804e-08,6.870098114013672,8.02011489868164,0.24989430606365204,-0.2501625716686249,0.9499968886375427
478,1.8204466305630466e-08,6.870098114013672,8.02011489868164,0.24989432096481323,-0.25016260147094727,0.9499969482421875
479,1.8204589631606298e-08,6.870098114013672,8.02011489868164,0.24989429116249084,-0.2501625716686249,0.9499970078468323
480,1.8204597982835232e-08,6.870098114013672,8.02011489868164,0.24989424645900726,-0.2501625120639801,0.9499970078468323
481,1.820448959850116e-08,6.870098114013672,8.02011489868164,0.24989424645900726,-0.2501625120639801,0.9499969482421875
482,1.8204420479560538e-08,6.870098114013672,8.02011489868164,0.24989430606365204,-0.2501625716686249,0.9499969482421875
483,1.820449762516892e-08,6.870098114013672,8.02011489868164,0.24989433586597443,-0.25016260147094727,0.9499969482421875
484,1.8204561075775613e-08,6.870098114013672,8.02011489868164,0.24989430606365204,-0.2501625716686249,0.9499969482421875
485,1.820449762516892e-08,6.870098114013672,8.02011489868164,0.24989426136016846,-0.2501625120639801,0.9499969482421875
486,1.820439323826269e-08,6.870098114013672,8.02011489868164,0.24989426136016846,-0.2501625120639801,0.9499969482421875
487,1.820439323826269e-08,6.870098114013672,8.02011489868164,0.24989430606365204,-0.2501625716686249,0.9499970078468323
488,1.820457403598162e-08,6.870098114013672,8.02011489868164,0.24989432096481323,-0.25016260147094727,0.9499970078468323
489,1.820465575431783e-08,6.870098114013672,8.02011489868164,0.24989427626132965,-0.2501625418663025,0.9499969482421875
490,1.820447835591632e-08,6.870098114013672,8.02011489868164,0.24989426136016846,-0.2501625120639801,0.9499968886375427
491,1.820432577504681e-08,6.870098114013672,8.02011489868164,0.24989430606365204,-0.2501625418663025,0.9499969482421875
492,1.82044232232888e-08,6.870098114013672,8.02011489868164,0.24989433586597443,-0.2501625716686249,0.9499970078468323
493,1.820451944782092e-08,6.870098114013672,8.02011489868164,0.24989430606365204,-0.2501625418663025,0.9499970078468323
494,1.8204456673320292e-08,6.870098114013672,8.02011489868164,0.24989426136016846,-0.2501625120639801,0.9499969482421875
495,1.820439323826269e-08,6.870098114013672,8.02011489868164,0.24989426136016846,-0.2501625418663025,0.9499968886375427
496,1.82044361851078e-08,6.870098114013672,8.02011489868164,0.24989430606365204,-0.25016260147094727,0.9499969482421875
497,1.8204615145035707e-08,6.870098114013672,8.02011489868164,0.24989432096481323,-0.25016260147094727,0.9499970078468323
498,1.820465575431783e-08,6.870098114013672,8.02011489868164,0.24989427626132965,-0.2501625418663025,0.9499970078468323
499,1.8204546630665118e-08,6.870098114013672,8.02011489868164,0.24989424645900726,-0.2501625120639801,0.9499969482421875
